,name,distance,moving_time,elapsed_time,total_elevation_gain,type,sport_type,workout_type,start_date,start_date_local,timezone,utc_offset,location_city,location_state,location_country,start_latlng,end_latlng,average_speed,max_speed,average_cadence,has_heartrate,average_heartrate,max_heartrate,elev_high,elev_low
0,Morning Run,3089.9,1048,1079,6.9,Run,Run,,2022-11-12T14:03:46Z,2022-11-12T09:03:46Z,(GMT-05:00) America/New_York,-18000.0,,,United States,"[40.69282444193959, -73.99161511100829]","[40.70019682869315, -73.99916217662394]",2.948,4.34,84.7,True,150.4,169.0,22.7,4.2
1,Morning Run,4123.5,1387,1446,15.7,Run,Run,0.0,2022-11-11T15:42:39Z,2022-11-11T10:42:39Z,(GMT-05:00) America/New_York,-18000.0,,,United States,"[40.69295855239034, -73.99421894922853]","[40.700007900595665, -73.99925110861659]",2.973,4.872,87.0,True,151.8,171.0,24.7,1.2
2,Afternoon Run,3483.3,1347,1396,2.2,Run,Run,0.0,2022-11-10T19:41:26Z,2022-11-10T14:41:26Z,(GMT-05:00) America/New_York,-18000.0,,,United States,"[40.693037174642086, -73.99403840303421]","[40.67402056418359, -74.01753547601402]",2.586,3.406,83.9,True,139.5,152.0,21.9,2.4
3,Lunch Run,3572.9,1277,1356,10.9,Run,Run,,2022-11-08T17:50:14Z,2022-11-08T12:50:14Z,(GMT-05:00) America/New_York,-18000.0,,,United States,"[40.69289904087782, -73.99408609606326]","[40.7002099044621, -73.9991935249418]",2.798,5.724,84.5,True,157.0,176.0,24.7,1.2
4,Morning Run,2857.9,1030,1030,7.3,Run,Run,0.0,2022-10-29T13:03:48Z,2022-10-29T09:03:48Z,(GMT-05:00) America/New_York,-14400.0,,,United States,"[40.69299786351621, -73.99403655901551]","[40.700102197006345, -73.99915454909205]",2.775,4.438,,True,151.7,174.0,22.3,4.2
5,Night Run,2938.9,983,983,0.0,Run,Run,,2022-10-02T04:17:48Z,2022-10-02T00:17:48Z,(GMT-05:00) Cuba,-14400.0,,,United States,[],[],2.99,3.277,85.4,True,152.2,168.0,,
6,Evening Run,3484.4,1132,1187,0.0,Run,Run,0.0,2022-08-31T22:13:32Z,2022-08-31T18:13:32Z,(GMT-05:00) US/Michigan,-14400.0,,,United States,[],[],3.078,3.576,86.2,True,155.1,177.0,,
7,Afternoon Run,3746.3,1287,1351,0.0,Run,Run,,2022-08-14T19:51:58Z,2022-08-14T15:51:58Z,(GMT-05:00) Canada/Eastern,-14400.0,,,United States,[],[],2.911,3.198,84.7,True,137.1,153.0,,
8,Evening Run,4139.5,1398,1413,11.0,Run,Run,0.0,2022-08-01T22:29:24Z,2022-08-01T18:29:24Z,(GMT-05:00) America/New_York,-14400.0,,,United States,"[40.69294748827815, -73.9941255748272]","[40.70005492307246, -73.99921481497586]",2.961,9.562,86.6,True,144.7,171.0,24.7,-221.7
9,Lunch Run,4255.6,1477,1761,12.2,Run,Run,0.0,2022-07-30T15:00:39Z,2022-07-30T11:00:39Z,(GMT-05:00) America/New_York,-14400.0,,,United States,"[40.671418234705925, -73.96981906145811]","[40.661955988034606, -73.96759081631899]",2.881,3.724,84.4,True,149.6,171.0,49.9,19.9
10,Evening Run,6522.5,2263,2329,26.6,Run,Run,0.0,2022-07-11T22:24:40Z,2022-07-11T18:24:40Z,(GMT-05:00) America/New_York,-14400.0,,,United States,"[40.69308034144342, -73.9940994232893]","[40.69624928757548, -73.99913820438087]",2.882,5.601,85.3,True,141.2,157.0,24.7,1.2
11,PT,0.0,300,300,0.0,Workout,Workout,,2022-07-10T15:21:38Z,2022-07-10T11:21:38Z,(GMT-05:00) America/New_York,-14400.0,,,United States,[],[],0.0,0.0,,False,,,,
12,10 minute core,0.0,601,601,0.0,Workout,Workout,,2022-07-10T14:47:15Z,2022-07-10T10:47:15Z,(GMT-05:00) America/Havana,-14400.0,,,United States,[],[],0.0,0.0,,True,106.1,126.0,,
13,Morning Run,5047.3,1836,1937,22.4,Run,Run,0.0,2022-07-10T14:04:52Z,2022-07-10T10:04:52Z,(GMT-05:00) America/New_York,-14400.0,,,United States,"[40.692498218268156, -73.99083307944238]","[40.70006816647947, -73.99904809892178]",2.749,4.878,86.9,True,134.2,145.0,24.7,1.7
14,Plyos ,0.0,318,318,0.0,Workout,Workout,,2022-07-08T13:27:40Z,2022-07-08T09:27:40Z,(GMT-04:00) Chile/Continental,-14400.0,,,United States,[],[],0.0,0.0,,True,131.1,151.0,,
15,Morning Run,6441.2,2163,2360,25.2,Run,Run,0.0,2022-07-08T12:45:27Z,2022-07-08T08:45:27Z,(GMT-05:00) America/New_York,-14400.0,,,United States,"[40.69300079718232, -73.99429681710899]","[40.70006087422371, -73.99938094429672]",2.978,6.55,86.4,True,143.5,163.0,24.7,3.3
16,Morning Run,10659.6,3600,3727,42.8,Run,Run,0.0,2022-07-07T14:52:39Z,2022-07-07T10:52:39Z,(GMT-05:00) America/New_York,-14400.0,,,United States,"[40.69294782355428, -73.99428927339613]","[40.69106717593968, -73.9917988423258]",2.961,5.89,87.7,True,150.0,168.0,24.7,1.2
17,10 minute core,0.0,601,601,0.0,Workout,Workout,,2022-07-06T17:06:13Z,2022-07-06T13:06:13Z,(GMT-04:00) Brazil/West,-14400.0,,,United States,[],[],0.0,0.0,,True,120.9,140.0,,
18,Lunch Run,6449.5,2151,2205,26.5,Run,Run,0.0,2022-07-06T16:20:01Z,2022-07-06T12:20:01Z,(GMT-05:00) America/New_York,-14400.0,,,United States,"[40.69322786293924, -73.99399347603321]","[40.69958394393325, -73.9977359957993]",2.998,5.26,87.0,True,151.4,164.0,24.5,1.2
19,Afternoon Run,9694.2,3353,3408,28.4,Run,Run,0.0,2022-07-05T18:26:17Z,2022-07-05T14:26:17Z,(GMT-05:00) America/New_York,-14400.0,,,United States,"[40.692951679229736, -73.99419003166258]","[40.69562760181725, -74.00242156349123]",2.891,5.88,85.6,True,152.9,172.0,24.7,1.3
20,10 minute core,0.0,589,589,0.0,WeightTraining,WeightTraining,,2022-07-04T15:22:14Z,2022-07-04T11:22:14Z,(GMT-05:00) America/New_York,-14400.0,,,United States,[],[],0.0,0.0,,True,113.6,136.0,,
21,Morning Run,4890.6,1905,1933,10.6,Run,Run,0.0,2022-07-04T14:45:56Z,2022-07-04T10:45:56Z,(GMT-05:00) America/New_York,-14400.0,,,United States,"[40.69299208000302, -73.9940581843257]","[40.70104993879795, -73.9991144835949]",2.567,8.156,83.5,True,132.6,142.0,24.7,1.7
22,Morning Run,6697.2,2165,2222,24.4,Run,Run,0.0,2022-07-03T13:21:49Z,2022-07-03T09:21:49Z,(GMT-05:00) America/New_York,-14400.0,,,United States,"[40.69302569143474, -73.99386405944824]","[40.69488144479692, -74.00010413490236]",3.093,5.74,86.5,True,151.0,164.0,24.7,1.2
23,Barry's,0.0,3093,3093,0.0,Workout,Workout,,2022-07-02T14:30:56Z,2022-07-02T10:30:56Z,(GMT-05:00) America/New_York,-14400.0,,,United States,[],[],0.0,0.0,,True,142.4,175.0,,
24,Treadmill,3218.7,960,960,0.0,Run,Run,0.0,2022-07-02T14:30:32Z,2022-07-02T10:30:32Z,(GMT-05:00) America/New_York,-14400.0,,,United States,[],[],3.353,0.0,,False,,,,
25,Afternoon Run,8057.9,2862,2908,29.9,Run,Run,0.0,2022-07-01T19:46:19Z,2022-07-01T15:46:19Z,(GMT-05:00) America/New_York,-14400.0,,,United States,"[40.693115293979645, -73.99393991567194]","[40.693845776841044, -73.99858902208507]",2.815,6.074,82.5,True,152.2,168.0,24.7,1.2
26,Afternoon Weight Training,0.0,1867,1867,0.0,WeightTraining,WeightTraining,,2022-06-30T18:40:18Z,2022-06-30T14:40:18Z,(GMT-05:00) America/New_York,-14400.0,,,United States,[],[],0.0,0.0,,True,107.5,150.0,,
27,Evening Run,8587.2,2752,2856,50.5,Run,Run,0.0,2022-06-28T22:43:34Z,2022-06-28T18:43:34Z,(GMT-05:00) America/New_York,-14400.0,,,United States,"[40.69278580136597, -73.98947856388986]","[40.694124391302466, -73.99505856446922]",3.12,7.61,87.8,True,155.6,173.0,26.9,-0.7
28,Morning Run,8197.9,2730,2823,28.1,Run,Run,0.0,2022-06-27T12:00:08Z,2022-06-27T08:00:08Z,(GMT-05:00) America/New_York,-14400.0,,,United States,"[40.6929587200284, -73.99410193786025]","[40.69417920894921, -74.00100233964622]",3.003,4.505,88.0,True,151.3,162.0,24.7,1.2
29,Morning Run,5047.5,1727,1727,0.0,Run,Run,0.0,2022-06-26T13:02:01Z,2022-06-26T09:02:01Z,(GMT-05:00) America/New_York,-14400.0,,,United States,"[40.57268729433417, -73.98416988551617]","[40.574591998010874, -73.98450767621398]",2.923,3.757,86.4,True,157.2,166.0,4.4,2.7
30,Morning Run,1729.9,668,668,0.0,Run,Run,0.0,2022-06-26T12:45:03Z,2022-06-26T08:45:03Z,(GMT-05:00) America/New_York,-14400.0,,,United States,"[40.57326966896653, -73.98438136093318]","[40.57252359576523, -73.98493205197155]",2.59,3.02,84.8,True,144.1,154.0,4.2,3.1
31,Evening Run,8144.0,2590,2607,25.9,Run,Run,0.0,2022-06-23T22:05:24Z,2022-06-23T18:05:24Z,(GMT-05:00) America/New_York,-14400.0,,,United States,"[40.69295545108616, -73.99333423934877]","[40.6941778678447, -74.00103234685957]",3.144,5.578,87.9,True,155.1,180.0,24.7,1.7
32,Morning Run,6446.2,2109,2179,38.7,Run,Run,0.0,2022-06-22T12:05:08Z,2022-06-22T08:05:08Z,(GMT-05:00) America/New_York,-14400.0,,,United States,"[40.69354277104139, -73.98994124494493]","[40.69344428367913, -73.9963722601533]",3.057,4.682,86.5,True,156.6,175.0,24.7,1.3
33,Lunch Run,8224.3,2664,2802,28.1,Run,Run,0.0,2022-06-20T16:51:32Z,2022-06-20T12:51:32Z,(GMT-05:00) America/New_York,-14400.0,,,United States,"[40.69300808943808, -73.99404812604189]","[40.694205863401294, -74.00104592554271]",3.087,6.232,87.4,True,153.3,171.0,24.5,1.2
34,Morning Run,6498.4,2214,2375,41.3,Run,Run,0.0,2022-06-18T12:35:45Z,2022-06-18T08:35:45Z,(GMT-05:00) America/New_York,-14400.0,,,United States,"[40.69305502809584, -73.99401677772403]","[40.69359792396426, -73.99661231786013]",2.935,5.408,86.3,True,149.3,170.0,24.7,1.2
35,Afternoon Weight Training,0.0,2496,2496,0.0,WeightTraining,WeightTraining,,2022-06-17T19:47:20Z,2022-06-17T15:47:20Z,(GMT-05:00) America/New_York,-14400.0,,,United States,[],[],0.0,0.0,,True,108.9,158.0,,
36,Afternoon Run,8149.6,2658,2717,26.6,Run,Run,0.0,2022-06-16T21:45:15Z,2022-06-16T17:45:15Z,(GMT-05:00) America/New_York,-14400.0,,,United States,"[40.69298570975661, -73.99433679878712]","[40.69413964636624, -74.00103360414505]",3.066,6.489,85.7,True,153.9,170.0,24.5,1.2
37,Morning Run,6490.0,2284,2389,42.6,Run,Run,0.0,2022-06-15T12:17:18Z,2022-06-15T08:17:18Z,(GMT-05:00) America/New_York,-14400.0,,,United States,"[40.693050334230065, -73.9942270796746]","[40.69434558972716, -73.99487600661814]",2.841,5.022,85.4,True,150.4,172.0,24.7,1.2
38,Morning Run,6457.6,2279,2467,0.0,Run,Run,0.0,2022-06-14T11:45:53Z,2022-06-14T07:45:53Z,(GMT-05:00) America/New_York,-14400.0,,,United States,[],[],2.834,3.154,84.9,True,146.9,167.0,,
39,Morning Run,5284.9,1801,1801,0.0,Run,Run,,2022-06-07T12:15:56Z,2022-06-07T08:15:56Z,(GMT-05:00) America/New_York,-14400.0,,,United States,[],[],2.934,3.272,87.9,True,145.6,157.0,,
40,Morning Run,10936.4,3831,3841,46.1,Run,Run,0.0,2022-06-04T12:30:28Z,2022-06-04T08:30:28Z,(GMT-05:00) America/New_York,-14400.0,,,United States,"[40.692967185750604, -73.9940317813307]","[40.69356716237962, -73.99654693901539]",2.855,5.454,85.2,True,150.2,172.0,24.7,1.3
41,Treadmill,7634.7,2059,2138,0.0,Run,Run,0.0,2022-06-02T21:42:31Z,2022-06-02T17:42:31Z,(GMT-05:00) America/New_York,-14400.0,,,United States,[],[],3.708,3.872,85.7,True,148.9,167.0,,
42,Afternoon Activity,0.0,2697,2697,0.0,WeightTraining,WeightTraining,,2022-06-02T20:54:29Z,2022-06-02T16:54:29Z,(GMT-05:00) America/New_York,-14400.0,,,United States,[],[],0.0,0.0,,True,109.5,159.0,,
43,Afternoon Activity,0.0,2775,2775,0.0,WeightTraining,WeightTraining,,2022-06-01T20:33:05Z,2022-06-01T16:33:05Z,(GMT-05:00) America/New_York,-14400.0,,,United States,[],[],0.0,0.0,,True,107.5,139.0,,
44,Morning Run,5934.1,1946,2155,20.2,Run,Run,0.0,2022-06-01T12:07:22Z,2022-06-01T08:07:22Z,(GMT-05:00) America/New_York,-14400.0,,,United States,"[40.69270575419068, -73.99130984209478]","[40.69622472859919, -73.99920861236751]",3.049,6.13,86.0,True,152.0,166.0,24.5,1.4
45,Afternoon Activity,0.0,2084,2084,0.0,WeightTraining,WeightTraining,,2022-05-31T19:49:58Z,2022-05-31T15:49:58Z,(GMT-05:00) America/New_York,-14400.0,,,United States,[],[],0.0,0.0,,True,118.8,150.0,,
46,Afternoon Ride,0.0,1299,1299,0.0,Ride,Ride,10.0,2022-05-31T19:22:38Z,2022-05-31T15:22:38Z,(GMT-05:00) America/New_York,-14400.0,,,United States,[],[],0.0,0.0,,True,137.7,165.0,,
47,Evening Activity,0.0,1249,1249,0.0,WeightTraining,WeightTraining,,2022-05-26T22:01:55Z,2022-05-26T18:01:55Z,(GMT-05:00) America/New_York,-14400.0,,,United States,[],[],0.0,0.0,,True,125.0,154.0,,
48,Afternoon Ride,0.0,1366,1366,0.0,Ride,Ride,,2022-05-26T21:38:31Z,2022-05-26T17:38:31Z,(GMT-05:00) America/New_York,-14400.0,,,United States,[],[],0.0,0.0,,True,136.3,166.0,,
49,Morning Run,5646.3,1826,1888,12.6,Run,Run,0.0,2022-05-25T12:03:12Z,2022-05-25T08:03:12Z,(GMT-05:00) America/New_York,-14400.0,,,United States,"[40.69320430979133, -73.98997276090086]","[40.69436252117157, -74.00042030028999]",3.092,7.41,87.1,True,155.5,171.0,24.7,1.2
50,Morning Run,5491.4,1800,1814,13.9,Run,Run,0.0,2022-05-24T11:35:25Z,2022-05-24T07:35:25Z,(GMT-05:00) America/New_York,-14400.0,,,United States,"[40.692980429157615, -73.99419170804322]","[40.693841921165586, -73.99857938289642]",3.051,5.23,86.6,True,152.7,169.0,24.7,1.2
51,Morning Run,5277.3,1819,1855,11.8,Run,Run,0.0,2022-05-23T11:58:26Z,2022-05-23T07:58:26Z,(GMT-05:00) America/New_York,-14400.0,,,United States,"[40.69299845024943, -73.99430184625089]","[40.69417476654053, -74.00110568851233]",2.901,5.034,86.7,True,147.5,161.0,25.7,1.2
52,Afternoon Run,8935.1,3000,3221,39.5,Run,Run,0.0,2022-05-20T18:55:08Z,2022-05-20T14:55:08Z,(GMT-05:00) America/New_York,-14400.0,,,United States,"[40.69272863678634, -73.99387990124524]","[40.691121239215136, -73.99610538035631]",2.978,5.293,85.4,True,155.1,173.0,24.3,1.3
53,Morning Run,5135.3,1795,1802,5.5,Run,Run,0.0,2022-05-18T12:01:11Z,2022-05-18T08:01:11Z,(GMT-05:00) America/New_York,-14400.0,,,United States,"[40.6929209176451, -73.99440326727927]","[40.69316307082772, -74.00116302073002]",2.861,4.278,85.9,True,148.5,162.0,22.3,3.7
54,Morning Run,5490.3,1836,1956,28.3,Run,Run,0.0,2022-05-13T12:31:57Z,2022-05-13T08:31:57Z,(GMT-05:00) America/New_York,-14400.0,,,United States,"[40.69291530176997, -73.99439974687994]","[40.69298311136663, -73.99526291526854]",2.99,5.557,86.9,True,151.1,171.0,26.2,1.2
55,Afternoon Run,6724.9,2249,2464,28.6,Run,Run,0.0,2022-05-12T18:51:47Z,2022-05-12T14:51:47Z,(GMT-05:00) America/New_York,-14400.0,,,United States,"[40.693011190742254, -73.99388023652136]","[40.69089408963919, -73.99633294902742]",2.99,6.374,85.8,True,154.0,175.0,22.7,1.5
56,Afternoon Run,3787.7,1200,1470,13.1,Run,Run,,2022-05-10T21:23:23Z,2022-05-10T17:23:23Z,(GMT-05:00) America/New_York,-14400.0,,,United States,"[40.69310246966779, -73.99413865059614]","[40.70016548037529, -73.9991089515388]",3.156,4.934,86.0,True,148.0,173.0,24.7,1.2
57,Evening Run,5332.1,1893,2034,31.2,Run,Run,,2022-05-09T23:00:32Z,2022-05-09T19:00:32Z,(GMT-05:00) America/New_York,-14400.0,,,United States,"[40.693005407229066, -73.99418852292001]","[40.69318545050919, -73.99406254291534]",2.817,6.832,85.2,True,157.0,182.0,23.2,1.2
58,Lunch Run,4837.2,1610,1804,31.2,Run,Run,,2022-05-08T15:01:26Z,2022-05-08T11:01:26Z,(GMT-05:00) America/New_York,-14400.0,,,United States,"[40.695820888504386, -73.98681940510869]","[40.69313758984208, -73.99464424699545]",3.004,7.852,85.8,True,158.0,176.0,22.2,1.2
59,Afternoon Run,2667.3,1013,1018,2.4,Run,Run,,2022-05-01T18:48:30Z,2022-05-01T14:48:30Z,(GMT-05:00) America/New_York,-14400.0,,,United States,"[40.69444751366973, -74.00042407214642]","[40.67828225903213, -74.01420442387462]",2.633,3.252,85.6,True,141.3,149.0,6.1,2.5
60,Lunch Activity,0.0,2941,2941,0.0,WeightTraining,WeightTraining,,2022-04-25T16:23:15Z,2022-04-25T12:23:15Z,(GMT-05:00) America/New_York,-14400.0,,,United States,[],[],0.0,0.0,,True,114.4,153.0,,
61,Morning Run,5563.8,1805,1862,38.3,Run,Run,0.0,2022-03-27T14:32:48Z,2022-03-27T10:32:48Z,(GMT-05:00) America/New_York,-14400.0,,,United States,"[40.672428673133254, -73.96994093433022]","[40.672282157465816, -73.9697743859142]",3.082,4.11,87.5,True,157.9,181.0,51.6,19.9
62,Afternoon Run,9927.2,3114,3263,46.8,Run,Run,0.0,2022-03-25T21:41:02Z,2022-03-25T17:41:02Z,(GMT-05:00) America/New_York,-14400.0,,,United States,"[40.69280633702874, -73.99390814825892]","[40.693196430802345, -73.99505278095603]",3.188,6.618,87.0,True,156.4,177.0,22.7,1.2
63,Weight lifting,0.0,3180,3180,0.0,WeightTraining,WeightTraining,,2022-03-24T17:21:49Z,2022-03-24T13:21:49Z,(GMT-05:00) America/New_York,-14400.0,,,United States,[],[],0.0,0.0,,False,,,,
64,Evening Run,4977.0,1809,1813,7.3,Run,Run,0.0,2022-03-22T22:44:14Z,2022-03-22T18:44:14Z,(GMT-05:00) America/New_York,-14400.0,,,United States,"[40.69302066229284, -73.99418994784355]","[40.693329786881804, -74.00387414731085]",2.751,3.88,86.8,True,134.2,149.0,22.3,3.5
65,Lunch Activity,0.0,2238,2238,0.0,WeightTraining,WeightTraining,,2022-03-21T16:57:39Z,2022-03-21T12:57:39Z,(GMT-05:00) America/New_York,-14400.0,,,United States,[],[],0.0,0.0,,True,103.8,154.0,,
66,Afternoon Run,8437.5,2647,2766,47.3,Run,Run,0.0,2022-03-19T19:58:19Z,2022-03-19T15:58:19Z,(GMT-05:00) America/New_York,-14400.0,,,United States,"[40.69315318018198, -73.99412599392235]","[40.69282377138734, -73.99461088702083]",3.188,6.22,88.1,True,157.9,175.0,24.7,0.2
67,Afternoon Run,1055.3,358,366,0.0,Run,Run,0.0,2022-03-18T18:55:10Z,2022-03-18T14:55:10Z,(GMT-05:00) America/New_York,-14400.0,,,United States,"[40.69825625047088, -73.99875246919692]","[40.69806874729693, -73.99866068735719]",2.948,4.696,84.2,True,134.9,164.0,6.1,5.3
68,Afternoon Run,2145.2,864,889,20.2,Run,Run,0.0,2022-03-18T18:28:25Z,2022-03-18T14:28:25Z,(GMT-05:00) America/New_York,-14400.0,,,United States,"[40.69313700310886, -73.99433973245323]","[40.7016431260854, -73.99667602032423]",2.483,3.502,84.0,True,134.9,148.0,22.3,4.5
69,Afternoon Run,6686.9,2085,2151,33.3,Run,Run,0.0,2022-03-16T21:06:00Z,2022-03-16T17:06:00Z,(GMT-05:00) America/New_York,-14400.0,,,United States,"[40.69293684326112, -73.99373615160584]","[40.69293541833758, -73.9936850219965]",3.207,5.752,87.2,True,155.8,181.0,24.9,2.8
70,Lunch Activity,0.0,2932,2932,0.0,WeightTraining,WeightTraining,,2022-03-15T16:40:17Z,2022-03-15T12:40:17Z,(GMT-05:00) America/New_York,-14400.0,,,United States,[],[],0.0,0.0,,True,115.4,143.0,,
71,Evening Run,7762.4,2592,2623,39.3,Run,Run,0.0,2022-03-14T22:18:34Z,2022-03-14T18:18:34Z,(GMT-05:00) America/New_York,-14400.0,,,United States,"[40.693203723058105, -73.9939149376005]","[40.693273628130555, -73.9940024446696]",2.995,5.05,87.5,True,151.3,167.0,24.2,-5.8
72,Morning Run,8845.9,3126,3167,37.6,Run,Run,0.0,2022-03-13T13:36:29Z,2022-03-13T09:36:29Z,(GMT-05:00) America/New_York,-14400.0,,,United States,"[40.692923264577985, -73.9939096570015]","[40.69290314801037, -73.99294909089804]",2.83,5.425,86.2,True,157.4,179.0,26.9,2.5
73,Evening Run,2545.2,983,995,15.4,Run,Run,0.0,2022-03-11T23:42:44Z,2022-03-11T18:42:44Z,(GMT-05:00) America/New_York,-18000.0,,,United States,"[40.69294748827815, -73.99414736777544]","[40.69413688033819, -74.00083729997277]",2.589,3.827,84.5,True,136.2,152.0,22.2,3.2
74,Lunch Activity,0.0,2916,2916,0.0,WeightTraining,WeightTraining,,2022-03-10T17:09:20Z,2022-03-10T12:09:20Z,(GMT-05:00) America/New_York,-18000.0,,,United States,[],[],0.0,0.0,,True,109.5,159.0,,
75,Evening Run,7079.3,2363,2554,29.5,Run,Run,0.0,2022-03-09T23:42:39Z,2022-03-09T18:42:39Z,(GMT-05:00) America/New_York,-18000.0,,,United States,"[40.69295092485845, -73.99399288929999]","[40.69302041083574, -73.99521388113499]",2.996,6.534,86.5,True,156.0,181.0,26.3,1.2
76,Afternoon Activity,0.0,3208,3208,0.0,WeightTraining,WeightTraining,,2022-03-08T18:08:02Z,2022-03-08T13:08:02Z,(GMT-05:00) America/New_York,-18000.0,,,United States,[],[],0.0,0.0,,True,114.3,153.0,,
77,Afternoon Run,5428.2,2178,2388,11.5,Run,Run,0.0,2022-03-06T20:37:30Z,2022-03-06T15:37:30Z,(GMT-05:00) America/New_York,-18000.0,,,United States,"[40.692962324246764, -73.99401845410466]","[40.69415766745806, -74.00096705183387]",2.492,4.88,85.7,True,136.1,145.0,24.8,1.2
78,Lunch Run,4304.6,1415,1486,14.4,Run,Run,0.0,2022-03-05T17:03:28Z,2022-03-05T12:03:28Z,(GMT-05:00) America/New_York,-18000.0,,,United States,"[40.69289954379201, -73.99413756094873]","[40.69968117401004, -73.99990037083626]",3.042,6.454,87.0,True,162.4,180.0,25.8,0.6
79,Afternoon Activity,0.0,1922,1922,0.0,WeightTraining,WeightTraining,,2022-03-04T18:00:04Z,2022-03-04T13:00:04Z,(GMT-05:00) America/New_York,-18000.0,,,United States,[],[],0.0,0.0,,True,121.0,161.0,,
80,Afternoon Activity,0.0,2020,2020,0.0,WeightTraining,WeightTraining,,2022-03-02T18:13:35Z,2022-03-02T13:13:35Z,(GMT-05:00) America/New_York,-18000.0,,,United States,[],[],0.0,0.0,,True,105.8,142.0,,
81,Afternoon Activity,0.0,2044,2044,0.0,WeightTraining,WeightTraining,,2022-02-28T18:08:50Z,2022-02-28T13:08:50Z,(GMT-05:00) America/New_York,-18000.0,,,United States,[],[],0.0,0.0,,True,97.2,127.0,,
82,Afternoon Run,7683.0,3087,3197,5.3,Run,Run,0.0,2022-02-27T20:36:10Z,2022-02-27T15:36:10Z,(GMT-05:00) America/New_York,-18000.0,,,United States,"[40.693094339221716, -73.99431919679046]","[40.69333104416728, -74.00137944146991]",2.489,3.407,86.9,True,140.4,154.0,21.8,2.3
83,Evening Run,1643.8,660,663,2.9,Run,Run,,2022-02-23T23:46:36Z,2022-02-23T18:46:36Z,(GMT-05:00) America/New_York,-18000.0,,,United States,"[40.69277540780604, -73.9942373894155]","[40.69305142387748, -73.99512846954167]",2.491,4.104,84.8,True,134.9,149.0,22.3,18.9
84,Afternoon Run,3071.5,1201,1212,10.8,Run,Run,0.0,2022-02-21T22:33:12Z,2022-02-21T17:33:12Z,(GMT-05:00) America/New_York,-18000.0,,,United States,"[40.693105570971966, -73.99446872994304]","[40.700053833425045, -73.9995978679508]",2.557,3.777,86.4,True,140.3,159.0,22.3,4.4
85,Afternoon Run,7205.1,2915,2968,5.6,Run,Run,0.0,2022-02-20T19:11:27Z,2022-02-20T14:11:27Z,(GMT-05:00) America/New_York,-18000.0,,,United States,"[40.69225170649588, -73.99497105740011]","[40.69204752333462, -74.00068734772503]",2.472,6.247,85.3,True,136.6,146.0,21.3,2.0
86,Afternoon Run,4711.4,1910,1990,21.6,Run,Run,0.0,2022-02-13T20:26:39Z,2022-02-13T15:26:39Z,(GMT-05:00) America/New_York,-18000.0,,,United States,"[40.69305787794292, -73.99441106244922]","[40.69094957783818, -73.99609917774796]",2.467,3.303,85.6,True,136.9,152.0,22.3,4.0
87,Afternoon Run,4232.2,1705,1705,7.0,Run,Run,0.0,2022-02-09T22:34:24Z,2022-02-09T17:34:24Z,(GMT-05:00) America/New_York,-18000.0,,,United States,"[40.69297045469284, -73.99434559978545]","[40.693817026913166, -73.99936778470874]",2.482,3.391,84.6,True,138.7,153.0,22.3,3.5
88,Afternoon Run,6022.7,2158,2238,37.2,Run,Run,0.0,2022-02-06T20:12:58Z,2022-02-06T15:12:58Z,(GMT-05:00) America/New_York,-18000.0,,,United States,"[40.6928432174027, -73.99427435360849]","[40.69309542886913, -73.99430419318378]",2.791,5.007,86.1,True,154.7,172.0,25.6,3.3
89,Lunch Run,6186.6,2534,2547,0.0,Run,Run,0.0,2022-01-16T17:44:53Z,2022-01-16T12:44:53Z,(GMT-05:00) America/New_York,-18000.0,,,United States,"[40.687773171812296, -74.00022014044225]","[40.69223930127919, -74.00146694853902]",2.441,6.181,86.3,True,148.0,158.0,6.1,1.7
90,Afternoon Run,2635.1,1023,1029,0.0,Run,Run,0.0,2022-01-02T19:14:44Z,2022-01-02T14:14:44Z,(GMT-05:00) America/New_York,-18000.0,,,United States,"[40.69376732222736, -73.99939309805632]","[40.678324084728956, -74.01394466869533]",2.576,4.889,86.7,True,132.6,139.0,5.5,2.5
91,Afternoon Run,3928.2,1607,1630,26.7,Run,Run,0.0,2021-12-19T21:30:25Z,2021-12-19T16:30:25Z,(GMT-05:00) America/New_York,-18000.0,,,United States,"[40.693103056401014, -73.99428114295006]","[40.69306324236095, -73.99424677714705]",2.444,3.411,85.7,True,147.3,160.0,22.3,4.4
92,Afternoon Run,7431.7,3000,3001,8.9,Run,Run,0.0,2021-12-18T18:48:38Z,2021-12-18T13:48:38Z,(GMT-05:00) America/New_York,-18000.0,,,United States,"[40.693189054727554, -73.99424736388028]","[40.686383452266455, -74.00442902930081]",2.477,3.332,86.4,True,134.7,148.0,22.3,2.5
93,Evening Run,3691.2,1394,1726,7.0,Run,Run,0.0,2021-12-16T00:21:23Z,2021-12-15T19:21:23Z,(GMT-05:00) America/New_York,-18000.0,,,United States,"[40.69313012994826, -73.99405843578279]","[40.69445740431547, -74.00032265111804]",2.648,3.475,87.3,True,137.5,168.0,22.3,3.5
94,Afternoon Run,3910.7,1509,1531,9.4,Run,Run,0.0,2021-12-12T19:39:16Z,2021-12-12T14:39:16Z,(GMT-05:00) America/New_York,-18000.0,,,United States,"[40.692976489663124, -73.99406832642853]","[40.69323339499533, -74.00102999992669]",2.592,3.943,87.8,True,136.4,152.0,22.3,3.5
95,Lunch Run,2982.7,1211,1217,7.1,Run,Run,0.0,2021-12-11T17:15:56Z,2021-12-11T12:15:56Z,(GMT-05:00) America/New_York,-18000.0,,,United States,"[40.69293818436563, -73.99425473995507]","[40.69929703138769, -73.99936459958553]",2.463,3.773,86.6,True,135.3,153.0,22.3,4.2
96,Afternoon Run,3577.2,1502,1516,7.0,Run,Run,,2021-12-04T22:29:16Z,2021-12-04T17:29:16Z,(GMT-05:00) America/New_York,-18000.0,,,United States,"[40.6929690297693, -73.9941218867898]","[40.6960083078593, -73.99926208890975]",2.382,3.564,85.8,True,133.2,142.0,22.3,3.7
97,Evening Run,2694.1,1201,1212,3.7,Run,Run,0.0,2021-11-30T23:33:39Z,2021-11-30T18:33:39Z,(GMT-05:00) America/New_York,-18000.0,,,United States,"[40.70054333657026, -74.00008745491505]","[40.70006271824241, -73.99954120628536]",2.243,3.318,84.2,True,122.1,133.0,9.4,-385.5
98,Afternoon Activity,0.0,112,112,0.0,Workout,Workout,,2021-11-28T20:56:07Z,2021-11-28T15:56:07Z,(GMT-05:00) America/New_York,-18000.0,,,United States,[],[],0.0,0.0,,True,115.0,123.0,,
99,Afternoon Run,2289.8,966,972,24.7,Run,Run,0.0,2021-11-28T20:27:42Z,2021-11-28T15:27:42Z,(GMT-05:00) America/New_York,-18000.0,,,United States,"[40.69315577857196, -73.99480937048793]","[40.699627278372645, -73.99748663417995]",2.37,4.456,86.4,True,128.1,143.0,22.2,4.2
100,Lunch Walk,6476.6,5230,5841,26.2,Walk,Walk,,2021-11-21T16:50:37Z,2021-11-21T11:50:37Z,(GMT-05:00) America/New_York,-18000.0,,,United States,"[41.32842038758099, -72.03047540970147]","[41.34377444162965, -72.0337409991771]",1.238,11.22,50.3,True,82.1,124.0,31.7,1.4
101,Evening Ride,0.0,2940,2940,0.0,Ride,Ride,,2021-11-19T00:02:24Z,2021-11-18T19:02:24Z,(GMT-05:00) America/New_York,-18000.0,,,United States,[],[],0.0,0.0,,True,149.3,179.0,,
102,Afternoon Run,5266.5,1844,1869,16.5,Run,Run,0.0,2021-11-17T22:19:30Z,2021-11-17T17:19:30Z,(GMT-05:00) America/New_York,-18000.0,,,United States,"[40.69523876532912, -74.00106738321483]","[40.69269745610654, -73.99531211704016]",2.856,4.489,86.7,True,150.1,173.0,20.5,3.7
103,Morning Ride,0.0,2679,2679,0.0,Ride,Ride,10.0,2021-11-13T14:01:01Z,2021-11-13T09:01:01Z,(GMT-05:00) America/New_York,-18000.0,,,United States,[],[],0.0,0.0,,True,145.8,171.0,,
104,Evening Run,1307.5,422,447,18.0,Run,Run,0.0,2021-11-09T23:21:04Z,2021-11-09T18:21:04Z,(GMT-05:00) America/New_York,-18000.0,,,United States,"[40.69939501583576, -74.0002419333905]","[40.69310640916228, -73.9940684940666]",3.098,5.244,87.0,True,161.3,178.0,21.9,3.5
105,Evening Activity,0.0,437,437,0.0,Workout,Workout,,2021-11-09T23:13:33Z,2021-11-09T18:13:33Z,(GMT-05:00) America/New_York,-18000.0,,,United States,[],[],0.0,0.0,,True,148.6,167.0,,
106,Afternoon Run,2518.8,856,882,17.7,Run,Run,0.0,2021-11-09T22:57:51Z,2021-11-09T17:57:51Z,(GMT-05:00) America/New_York,-18000.0,,,United States,"[40.69312878884375, -73.99416555650532]","[40.700046960264444, -73.99962401948869]",2.943,5.414,86.1,True,143.0,156.0,26.5,4.2
107,Lunch Activity,0.0,411,411,0.0,Workout,Workout,,2021-11-07T17:41:10Z,2021-11-07T12:41:10Z,(GMT-05:00) America/New_York,-18000.0,,,United States,[],[],0.0,0.0,,True,141.8,155.0,,
108,Lunch Run,2485.5,957,957,0.0,Run,Run,0.0,2021-11-07T17:21:04Z,2021-11-07T12:21:04Z,(GMT-05:00) America/New_York,-18000.0,,,United States,"[40.87999368086457, -74.2157063819468]","[40.8811407443136, -74.21603688038886]",2.597,4.05,85.6,True,129.8,140.0,43.7,41.2
109,Morning Run,4289.7,1679,1728,2.9,Run,Run,0.0,2021-11-04T11:29:37Z,2021-11-04T07:29:37Z,(GMT-05:00) America/New_York,-14400.0,,,United States,"[40.69294891320169, -73.99402893148363]","[40.69374938495457, -73.9996544457972]",2.555,4.399,86.6,True,135.7,145.0,21.9,1.1
110,Morning Run,3160.5,1201,1201,2.9,Run,Run,,2021-11-02T11:30:57Z,2021-11-02T07:30:57Z,(GMT-05:00) America/New_York,-14400.0,,,United States,"[40.69285545498133, -73.99415080435574]","[40.69465245120227, -74.00256279855967]",2.632,3.472,85.7,True,148.1,161.0,22.3,3.5
111,Evening Run,5826.0,1947,1957,43.0,Run,Run,,2021-11-01T22:43:49Z,2021-11-01T18:43:49Z,(GMT-05:00) America/New_York,-14400.0,,,United States,"[40.6932158768177, -73.99584621191025]","[40.69316256791353, -73.99515688419342]",2.992,5.694,86.6,True,149.3,173.0,21.3,1.7
112,Evening Run,2997.4,1145,1145,2.5,Run,Run,0.0,2021-10-27T22:24:25Z,2021-10-27T18:24:25Z,(GMT-05:00) America/New_York,-14400.0,,,United States,"[40.693919034674764, -73.99930517189205]","[40.69803312420845, -73.9979312941432]",2.618,3.978,87.3,True,132.2,140.0,6.1,3.5
113,Afternoon Run,3764.1,1501,1559,0.0,Run,Run,0.0,2021-10-26T18:02:55Z,2021-10-26T14:02:55Z,(GMT-05:00) America/New_York,-14400.0,,,United States,[],[],2.508,2.621,86.3,True,137.5,149.0,,
114,Afternoon Activity,0.0,2407,2407,0.0,WeightTraining,WeightTraining,,2021-10-25T19:55:00Z,2021-10-25T15:55:00Z,(GMT-05:00) America/New_York,-14400.0,,,United States,[],[],0.0,0.0,,True,114.4,156.0,,
115,Afternoon Run,8049.6,3264,3349,80.5,Run,Run,0.0,2021-10-24T20:12:16Z,2021-10-24T16:12:16Z,(GMT-05:00) America/New_York,-14400.0,,,United States,"[40.69312090985477, -73.99506711401045]","[40.69227073341608, -73.99452706798911]",2.466,4.597,85.6,True,134.3,153.0,44.3,3.7
116,Evening Run,5352.9,2191,2198,32.2,Run,Run,0.0,2021-10-21T22:03:30Z,2021-10-21T18:03:30Z,(GMT-05:00) America/New_York,-14400.0,,,United States,"[40.69311076775193, -73.99456084705889]","[40.69353120401502, -73.99675405584276]",2.443,3.947,85.8,True,131.9,143.0,22.8,3.5
117,Morning Run,3242.0,1311,1330,2.4,Run,Run,0.0,2021-10-20T11:26:55Z,2021-10-20T07:26:55Z,(GMT-05:00) America/New_York,-14400.0,,,United States,"[40.69299233146012, -73.99497164413333]","[40.69398181512952, -73.9993787650019]",2.473,3.731,87.4,True,129.5,139.0,21.3,3.5
118,Morning Run,3771.0,1416,1458,3.0,Run,Run,0.0,2021-10-19T11:25:47Z,2021-10-19T07:25:47Z,(GMT-05:00) America/New_York,-14400.0,,,United States,"[40.69313071668148, -73.99478623643517]","[40.69397745653987, -73.9993856381625]",2.663,4.067,87.7,True,142.9,165.0,21.5,3.5
119,Lunch Activity,0.0,2786,2786,0.0,WeightTraining,WeightTraining,,2021-10-18T16:50:19Z,2021-10-18T12:50:19Z,(GMT-05:00) America/New_York,-14400.0,,,United States,[],[],0.0,0.0,,True,110.1,146.0,,
120,Morning Run,5154.9,1759,1807,22.8,Run,Run,0.0,2021-10-13T11:55:08Z,2021-10-13T07:55:08Z,(GMT-05:00) America/New_York,-14400.0,,,United States,"[40.69304111413658, -73.9941094815731]","[40.69302703253925, -73.99417645297945]",2.931,4.268,87.4,True,148.1,173.0,22.2,3.6
121,Morning Run,2457.0,920,923,2.4,Run,Run,0.0,2021-10-11T11:24:49Z,2021-10-11T07:24:49Z,(GMT-05:00) America/New_York,-14400.0,,,United States,"[40.69307221099734, -73.9940788038075]","[40.69391333498061, -73.9993666112423]",2.671,3.282,87.5,True,130.2,143.0,21.9,3.5
122,Afternoon Run,3935.1,1438,1503,2.5,Run,Run,0.0,2021-10-10T19:47:27Z,2021-10-10T15:47:27Z,(GMT-05:00) America/New_York,-14400.0,,,United States,"[40.69329944439232, -73.99380303919315]","[40.69393211044371, -73.99935403838754]",2.737,4.21,86.4,True,130.2,141.0,22.1,3.5
123,Morning Run,4894.7,1729,1764,23.0,Run,Run,0.0,2021-10-08T12:00:20Z,2021-10-08T08:00:20Z,(GMT-05:00) America/New_York,-14400.0,,,United States,"[40.693030720576644, -73.99410738609731]","[40.69299434311688, -73.99417947046459]",2.831,4.912,86.6,True,142.3,160.0,22.4,2.9
124,Morning Run,4206.3,1485,1606,23.3,Run,Run,0.0,2021-10-07T12:07:26Z,2021-10-07T08:07:26Z,(GMT-05:00) America/New_York,-14400.0,,,United States,"[40.69296064786613, -73.99403999559581]","[40.692999539896846, -73.99408894591033]",2.833,4.968,86.3,True,145.2,161.0,22.4,2.9
125,Morning Run,2450.2,887,924,8.7,Run,Run,0.0,2021-10-04T11:52:59Z,2021-10-04T07:52:59Z,(GMT-05:00) America/New_York,-14400.0,,,United States,"[40.692998031154275, -73.99396682158113]","[40.69022328592837, -73.98460825905204]",2.762,4.46,87.0,True,136.7,150.0,26.6,14.3
126,Afternoon Run,3263.8,1243,1247,2.4,Run,Run,0.0,2021-10-03T21:19:05Z,2021-10-03T17:19:05Z,(GMT-05:00) America/New_York,-14400.0,,,United States,"[40.6929362565279, -73.99414108134806]","[40.69406362250447, -73.99945059791207]",2.626,3.746,85.8,True,135.1,150.0,21.9,3.5
127,Morning Run,2753.7,943,1060,13.4,Run,Run,0.0,2021-09-30T13:12:48Z,2021-09-30T09:12:48Z,(GMT-05:00) America/New_York,-14400.0,,,United States,"[40.69300414994359, -73.99329476058483]","[40.69309559650719, -73.99428768083453]",2.92,5.207,86.9,True,137.4,150.0,26.5,20.5
128,Afternoon Run,4673.3,1719,1754,0.0,Run,Run,0.0,2021-09-25T20:40:28Z,2021-09-25T16:40:28Z,(GMT-05:00) America/New_York,-14400.0,,,United States,"[40.788634959608316, -73.98305836133659]","[40.78890879638493, -73.98300211876631]",2.719,3.598,86.9,True,136.0,149.0,8.3,6.8
129,Afternoon Activity,0.0,1379,1379,0.0,Workout,Workout,,2021-09-24T18:54:49Z,2021-09-24T14:54:49Z,(GMT-05:00) America/New_York,-14400.0,,,United States,[],[],0.0,0.0,,True,107.3,130.0,,
130,Afternoon Run,3637.1,1256,1266,0.0,Run,Run,0.0,2021-09-24T18:28:00Z,2021-09-24T14:28:00Z,(GMT-05:00) America/New_York,-14400.0,,,United States,[],[],2.896,3.121,85.7,True,137.1,147.0,,
131,Afternoon Activity,0.0,2363,2363,0.0,Workout,Workout,,2021-09-22T21:44:29Z,2021-09-22T17:44:29Z,(GMT-05:00) America/New_York,-14400.0,,,United States,[],[],0.0,0.0,,True,102.2,147.0,,
132,Afternoon Activity,0.0,2100,2100,0.0,Elliptical,Elliptical,,2021-09-22T20:59:42Z,2021-09-22T16:59:42Z,(GMT-05:00) America/New_York,-14400.0,,,United States,[],[],0.0,0.0,85.0,True,144.9,154.0,,
133,Morning Activity,0.0,547,547,0.0,WeightTraining,WeightTraining,,2021-09-20T12:23:24Z,2021-09-20T08:23:24Z,(GMT-05:00) America/New_York,-14400.0,,,United States,[],[],0.0,0.0,,True,121.7,154.0,,
134,Morning Activity,0.0,1809,1809,0.0,Elliptical,Elliptical,,2021-09-20T11:49:56Z,2021-09-20T07:49:56Z,(GMT-05:00) America/New_York,-14400.0,,,United States,[],[],0.0,0.0,79.8,True,135.1,142.0,,
135,Afternoon Run,15682.9,4821,5274,96.4,Run,Run,0.0,2021-09-19T21:45:06Z,2021-09-19T17:45:06Z,(GMT-05:00) America/New_York,-14400.0,,,United States,"[40.69028824567795, -73.9846779126674]","[40.69042218849063, -73.98778324015439]",3.253,7.23,88.3,True,157.0,172.0,49.9,10.6
136,Afternoon Activity,0.0,1886,1886,0.0,WeightTraining,WeightTraining,,2021-09-18T21:28:50Z,2021-09-18T17:28:50Z,(GMT-05:00) America/New_York,-14400.0,,,United States,[],[],0.0,0.0,,True,111.5,143.0,,
137,Morning Run,9429.6,3001,3160,67.1,Run,Run,0.0,2021-09-16T11:58:58Z,2021-09-16T07:58:58Z,(GMT-05:00) America/New_York,-14400.0,,,United States,"[40.69036259315908, -73.98464455269277]","[40.69071689620614, -73.98451874032617]",3.142,6.506,87.9,True,150.2,165.0,51.6,11.9
138,Morning Run,6903.4,2417,2543,62.3,Run,Run,0.0,2021-09-15T11:53:55Z,2021-09-15T07:53:55Z,(GMT-05:00) America/New_York,-14400.0,,,United States,"[40.689977360889316, -73.98306867107749]","[40.69036100059748, -73.98458428680897]",2.856,6.212,86.8,True,151.5,165.0,23.3,8.7
139,Morning Run,9119.7,3001,3251,66.3,Run,Run,0.0,2021-09-14T11:27:23Z,2021-09-14T07:27:23Z,(GMT-05:00) America/New_York,-14400.0,,,United States,"[40.68990678526461, -73.98462116718292]","[40.69046904332936, -73.98433785885572]",3.039,6.494,88.2,True,148.1,166.0,51.6,11.8
140,Evening Activity,0.0,409,409,0.0,WeightTraining,WeightTraining,,2021-09-13T22:40:01Z,2021-09-13T18:40:01Z,(GMT-05:00) America/New_York,-14400.0,,,United States,[],[],0.0,0.0,,True,102.2,122.0,,
141,Morning Run,6436.6,2447,2556,64.1,Run,Run,0.0,2021-09-13T11:22:06Z,2021-09-13T07:22:06Z,(GMT-05:00) America/New_York,-14400.0,,,United States,"[40.69193420000374, -73.98380217142403]","[40.691913329064846, -73.98372396826744]",2.63,4.175,86.2,True,146.1,158.0,23.3,10.2
142,Afternoon Run,13006.3,4200,4389,81.3,Run,Run,0.0,2021-09-12T19:42:27Z,2021-09-12T15:42:27Z,(GMT-05:00) America/New_York,-14400.0,,,United States,"[40.69216260686517, -73.98363562300801]","[40.69099601358175, -73.98457489907742]",3.097,7.266,87.4,True,156.7,171.0,49.9,11.6
143,Morning Run,7471.4,2400,2598,14.1,Run,Run,0.0,2021-09-10T11:30:20Z,2021-09-10T07:30:20Z,(GMT-05:00) America/New_York,-14400.0,,,United States,"[42.602017214521766, -77.0768419560045]","[42.60101834312081, -77.07731092348695]",3.113,4.003,87.6,True,152.3,175.0,228.2,223.8
144,Morning Run,5113.0,2043,2043,9.2,Run,Run,0.0,2021-09-09T13:01:55Z,2021-09-09T09:01:55Z,(GMT-05:00) America/New_York,-14400.0,,,United States,"[42.60197589173913, -77.07684631459415]","[42.602046467363834, -77.07705670036376]",2.503,3.708,87.6,True,132.5,147.0,228.2,223.7
145,Morning Run,10277.3,3601,3638,24.3,Run,Run,0.0,2021-09-08T11:51:04Z,2021-09-08T07:51:04Z,(GMT-05:00) America/New_York,-14400.0,,,United States,"[42.60196139104664, -77.07693876698613]","[42.60163374245167, -77.07713448442519]",2.854,3.68,86.7,True,149.2,166.0,229.3,223.8
146,Afternoon Run,6642.7,2280,2516,58.6,Run,Run,0.0,2021-09-06T21:12:55Z,2021-09-06T17:12:55Z,(GMT-05:00) America/New_York,-14400.0,,,United States,"[40.69006813690066, -73.98280983790755]","[40.69043987430632, -73.98443978279829]",2.913,5.554,86.6,True,148.3,163.0,51.6,11.9
147,Morning Run,7210.6,2401,2423,159.9,Run,Run,0.0,2021-09-05T12:58:22Z,2021-09-05T08:58:22Z,(GMT-05:00) America/New_York,-14400.0,,,United States,"[41.27598211169243, -74.46732114069164]","[41.27605780027807, -74.46697941049933]",3.003,3.901,86.0,True,154.6,174.0,161.0,123.1
148,Lunch Run,4652.5,1480,1587,97.5,Run,Run,0.0,2021-09-03T16:11:28Z,2021-09-03T12:11:28Z,(GMT-05:00) America/New_York,-14400.0,,,United States,"[41.27491015009582, -74.46797761134803]","[41.27482071518898, -74.46785314008594]",3.144,4.708,85.8,True,150.8,168.0,161.0,123.1
149,Morning Run,5099.0,1801,1801,0.0,Run,Run,0.0,2021-09-02T11:43:12Z,2021-09-02T07:43:12Z,(GMT-05:00) America/New_York,-14400.0,,,United States,[],[],2.831,3.059,86.1,True,142.1,154.0,,
150,Afternoon Run,5123.9,1800,1800,0.0,Run,Run,0.0,2021-09-01T21:54:03Z,2021-09-01T17:54:03Z,(GMT-05:00) America/New_York,-14400.0,,,United States,[],[],2.847,2.967,84.9,True,144.8,156.0,,
151,Evening Activity,0.0,1487,1487,0.0,WeightTraining,WeightTraining,,2021-08-31T22:25:39Z,2021-08-31T18:25:39Z,(GMT-05:00) America/New_York,-14400.0,,,United States,[],[],0.0,0.0,,True,106.0,137.0,,
152,Morning Activity,0.0,3340,3340,0.0,Elliptical,Elliptical,,2021-08-31T11:33:17Z,2021-08-31T07:33:17Z,(GMT-05:00) America/New_York,-14400.0,,,United States,[],[],0.0,0.0,81.3,True,146.1,173.0,,
153,Morning Run,6849.7,2405,2406,0.0,Run,Run,0.0,2021-08-30T12:27:37Z,2021-08-30T08:27:37Z,(GMT-05:00) America/New_York,-14400.0,,,United States,[],[],2.848,2.956,84.8,True,144.2,155.0,,
154,Afternoon Run,6354.4,2247,2285,41.4,Run,Run,0.0,2021-08-29T21:14:30Z,2021-08-29T17:14:30Z,(GMT-05:00) America/New_York,-14400.0,,,United States,"[40.672563621774316, -73.96966198459268]","[40.672109154984355, -73.9701686706394]",2.828,4.438,87.7,True,144.4,165.0,51.6,19.9
155,Morning Run,5024.0,1820,1820,0.0,Run,Run,0.0,2021-08-27T12:17:38Z,2021-08-27T08:17:38Z,(GMT-05:00) America/New_York,-14400.0,,,United States,[],[],2.76,3.09,84.1,True,139.3,151.0,,
156,Afternoon Activity,0.0,1411,1411,0.0,WeightTraining,WeightTraining,,2021-08-26T18:04:22Z,2021-08-26T14:04:22Z,(GMT-05:00) America/New_York,-14400.0,,,United States,[],[],0.0,0.0,,True,100.3,151.0,,
157,Evening Activity,0.0,1808,1808,0.0,WeightTraining,WeightTraining,,2021-08-25T22:51:24Z,2021-08-25T18:51:24Z,(GMT-05:00) America/New_York,-14400.0,,,United States,[],[],0.0,0.0,,True,108.6,139.0,,
158,Morning Run,5707.2,1966,2089,60.9,Run,Run,0.0,2021-08-25T12:04:59Z,2021-08-25T08:04:59Z,(GMT-05:00) America/New_York,-14400.0,,,United States,"[40.69340321235359, -73.98417860269547]","[40.69360077381134, -73.98359321057796]",2.903,7.487,85.6,True,156.9,173.0,44.3,9.7
159,Morning Activity,0.0,1546,1546,0.0,WeightTraining,WeightTraining,,2021-08-24T12:49:23Z,2021-08-24T08:49:23Z,(GMT-05:00) America/New_York,-14400.0,,,United States,[],[],0.0,0.0,,True,120.7,155.0,,
160,Morning Activity,0.0,2438,2438,0.0,Elliptical,Elliptical,,2021-08-24T12:04:57Z,2021-08-24T08:04:57Z,(GMT-05:00) America/New_York,-14400.0,,,United States,[],[],0.0,0.0,79.1,True,146.9,171.0,,
161,Morning Activity,0.0,998,998,0.0,WeightTraining,WeightTraining,,2021-08-23T13:13:11Z,2021-08-23T09:13:11Z,(GMT-05:00) America/New_York,-14400.0,,,United States,[],[],0.0,0.0,,True,120.0,143.0,,
162,Morning Run,3423.7,1201,1201,0.0,Run,Run,0.0,2021-08-23T12:47:10Z,2021-08-23T08:47:10Z,(GMT-05:00) America/New_York,-14400.0,,,United States,[],[],2.851,3.12,85.9,True,144.4,151.0,,
163,Afternoon Activity,0.0,2103,2103,0.0,WeightTraining,WeightTraining,,2021-08-22T21:12:45Z,2021-08-22T17:12:45Z,(GMT-05:00) America/New_York,-14400.0,,,United States,[],[],0.0,0.0,,True,131.6,163.0,,
164,Afternoon Run,3508.8,1201,1201,0.0,Run,Run,0.0,2021-08-22T20:50:50Z,2021-08-22T16:50:50Z,(GMT-05:00) America/New_York,-14400.0,,,United States,[],[],2.922,3.171,85.7,True,151.9,163.0,,
165,Afternoon Activity,0.0,1211,1211,0.0,Elliptical,Elliptical,,2021-08-22T20:29:57Z,2021-08-22T16:29:57Z,(GMT-05:00) America/New_York,-14400.0,,,United States,[],[],0.0,0.0,85.6,True,147.7,157.0,,
166,Afternoon Activity,0.0,2332,2332,0.0,Workout,Workout,,2021-08-20T19:23:37Z,2021-08-20T15:23:37Z,(GMT-05:00) America/New_York,-14400.0,,,United States,[],[],0.0,0.0,,True,121.8,160.0,,
167,Morning Run,4038.3,1802,1802,0.0,Run,Run,0.0,2021-08-20T12:34:21Z,2021-08-20T08:34:21Z,(GMT-05:00) America/New_York,-14400.0,,,United States,[],[],2.241,3.033,74.4,True,143.7,164.0,,
168,Morning Activity,0.0,1817,1817,0.0,Elliptical,Elliptical,,2021-08-20T12:02:06Z,2021-08-20T08:02:06Z,(GMT-05:00) America/New_York,-14400.0,,,United States,[],[],0.0,0.0,81.5,True,147.4,158.0,,
169,Afternoon Run,3732.1,1802,1802,0.0,Run,Run,0.0,2021-08-17T21:31:51Z,2021-08-17T17:31:51Z,(GMT-05:00) America/New_York,-14400.0,,,United States,[],[],2.071,2.986,71.4,True,132.9,154.0,,
170,Afternoon Activity,0.0,3425,3425,0.0,Workout,Workout,,2021-08-16T21:08:00Z,2021-08-16T17:08:00Z,(GMT-05:00) America/New_York,-14400.0,,,United States,[],[],0.0,0.0,,True,110.6,136.0,,
171,Afternoon Activity,0.0,2438,2438,0.0,Workout,Workout,,2021-08-15T20:51:00Z,2021-08-15T16:51:00Z,(GMT-05:00) America/New_York,-14400.0,,,United States,[],[],0.0,0.0,83.0,True,153.2,165.0,,
172,Morning Activity,0.0,2653,2653,0.0,Workout,Workout,,2021-08-14T13:49:17Z,2021-08-14T09:49:17Z,(GMT-05:00) America/New_York,-14400.0,,,United States,[],[],0.0,0.0,,True,114.1,141.0,,
173,Morning Activity,0.0,1841,1841,0.0,Workout,Workout,,2021-08-14T13:13:51Z,2021-08-14T09:13:51Z,(GMT-05:00) America/New_York,-14400.0,,,United States,[],[],0.0,0.0,71.0,True,152.2,175.0,,
174,Afternoon Activity,0.0,1394,1394,0.0,Workout,Workout,,2021-08-12T21:49:32Z,2021-08-12T17:49:32Z,(GMT-05:00) America/New_York,-14400.0,,,United States,[],[],0.0,0.0,,True,104.7,134.0,,
175,Evening Run,6075.1,2101,2101,0.0,Run,Run,0.0,2021-08-11T22:37:32Z,2021-08-11T18:37:32Z,(GMT-05:00) America/New_York,-14400.0,,,United States,[],[],2.892,3.126,82.9,True,152.7,162.0,,
176,Evening Activity,0.0,2070,2070,0.0,Workout,Workout,,2021-08-11T22:01:57Z,2021-08-11T18:01:57Z,(GMT-05:00) America/New_York,-14400.0,,,United States,[],[],0.0,0.0,,True,101.2,129.0,,
177,Evening Run,1081.3,400,513,4.4,Run,Run,0.0,2021-08-10T22:59:32Z,2021-08-10T18:59:32Z,(GMT-05:00) America/New_York,-14400.0,,,United States,"[40.6985953822732, -73.98968140594661]","[40.692240223288536, -73.98434213362634]",2.703,9.232,81.9,True,147.2,166.0,23.5,10.2
178,Evening Run,958.7,434,436,7.6,Run,Run,0.0,2021-08-10T22:49:06Z,2021-08-10T18:49:06Z,(GMT-05:00) America/New_York,-14400.0,,,United States,"[40.69933684542775, -73.99000897072256]","[40.699136182665825, -73.99022639729083]",2.209,6.842,75.8,True,155.8,175.0,24.3,21.2
179,Evening Run,4524.0,1562,1647,27.9,Run,Run,0.0,2021-08-10T22:19:28Z,2021-08-10T18:19:28Z,(GMT-05:00) America/New_York,-14400.0,,,United States,"[40.69050148129463, -73.98456551134586]","[40.69875715300441, -73.99012438952923]",2.896,8.497,82.6,True,150.3,166.0,25.0,12.2
180,Evening Run,8053.4,2708,2786,63.3,Run,Run,0.0,2021-08-08T22:44:47Z,2021-08-08T18:44:47Z,(GMT-05:00) America/New_York,-14400.0,,,United States,"[40.78777799382806, -73.97698265500367]","[40.78523425385356, -73.9688995666802]",2.974,4.851,84.5,True,155.4,170.0,39.1,19.6
181,Evening Run,4031.2,1700,1948,31.0,Run,Run,0.0,2021-08-05T22:15:46Z,2021-08-05T18:15:46Z,(GMT-05:00) America/New_York,-14400.0,,,United States,"[40.692322701215744, -73.98327738046646]","[40.69229009561241, -73.98430156521499]",2.371,7.16,82.8,True,145.8,164.0,20.5,1.6
182,Afternoon Activity,0.0,546,546,0.0,Workout,Workout,,2021-08-05T17:49:57Z,2021-08-05T13:49:57Z,(GMT-05:00) America/New_York,-14400.0,,,United States,[],[],0.0,0.0,,True,113.8,134.0,,
183,Afternoon Activity,0.0,2154,2154,0.0,Workout,Workout,,2021-08-05T17:12:51Z,2021-08-05T13:12:51Z,(GMT-05:00) America/New_York,-14400.0,,,United States,[],[],0.0,0.0,,True,123.3,158.0,,
184,Lunch Activity,0.0,1605,1605,0.0,Workout,Workout,,2021-08-05T16:43:22Z,2021-08-05T12:43:22Z,(GMT-05:00) America/New_York,-14400.0,,,United States,[],[],0.0,0.0,,True,100.0,131.0,,
185,Evening Run,6222.1,1976,2240,36.0,Run,Run,0.0,2021-08-04T22:37:54Z,2021-08-04T18:37:54Z,(GMT-05:00) America/New_York,-14400.0,,,United States,"[40.6913336366415, -73.98441924713552]","[40.690778167918324, -73.98429796099663]",3.149,8.006,84.3,True,157.4,174.0,45.5,11.8
186,Evening Run,1610.0,497,562,8.3,Run,Run,0.0,2021-08-03T22:31:47Z,2021-08-03T18:31:47Z,(GMT-05:00) America/New_York,-14400.0,,,United States,"[40.69151233881712, -73.97399693727493]","[40.69097916595638, -73.98418145254254]",3.239,6.172,84.6,True,162.7,175.0,22.5,10.3
187,Evening Run,835.5,381,388,6.8,Run,Run,0.0,2021-08-03T22:24:20Z,2021-08-03T18:24:20Z,(GMT-05:00) America/New_York,-14400.0,,,United States,"[40.69116113707423, -73.97410330362618]","[40.69114688783884, -73.97405200637877]",2.193,5.627,86.4,True,151.6,174.0,22.3,17.8
188,Evening Run,1590.2,489,553,10.8,Run,Run,0.0,2021-08-03T22:13:38Z,2021-08-03T18:13:38Z,(GMT-05:00) America/New_York,-14400.0,,,United States,"[40.69030283018947, -73.98564912378788]","[40.690831476822495, -73.97434528917074]",3.252,10.99,83.1,True,145.0,164.0,21.1,10.2
189,Evening Activity,0.0,946,946,0.0,Workout,Workout,,2021-08-02T23:18:35Z,2021-08-02T19:18:35Z,(GMT-05:00) America/New_York,-14400.0,,,United States,[],[],0.0,0.0,,True,99.7,124.0,,
190,Evening Activity,0.0,1511,1511,0.0,Workout,Workout,,2021-08-02T22:50:36Z,2021-08-02T18:50:36Z,(GMT-05:00) America/New_York,-14400.0,,,United States,[],[],0.0,0.0,,True,100.5,130.0,,
191,Afternoon Run,1656.0,688,818,15.7,Run,Run,0.0,2021-08-01T21:21:02Z,2021-08-01T17:21:02Z,(GMT-05:00) America/New_York,-14400.0,,,United States,"[40.70226665586233, -73.9929526951164]","[40.692216753959656, -73.98456517606974]",2.407,5.285,83.2,True,144.5,160.0,23.9,7.6
192,Afternoon Run,2336.9,927,1001,10.2,Run,Run,0.0,2021-08-01T20:50:52Z,2021-08-01T16:50:52Z,(GMT-05:00) America/New_York,-14400.0,,,United States,"[40.690365023911, -73.98503758013248]","[40.704323407262564, -73.99256905540824]",2.521,7.352,82.4,True,138.9,153.0,20.5,0.4
193,Evening Run,4213.5,1803,1803,0.0,Run,Run,0.0,2021-07-29T22:45:37Z,2021-07-29T18:45:37Z,(GMT-05:00) America/New_York,-14400.0,,,United States,[],[],2.337,2.678,80.2,True,154.6,167.0,,
194,Evening Activity,0.0,2191,2191,0.0,Workout,Workout,,2021-07-28T23:05:28Z,2021-07-28T19:05:28Z,(GMT-05:00) America/New_York,-14400.0,,,United States,[],[],0.0,0.0,,True,113.0,147.0,,
195,Evening Run,4218.9,1525,1547,44.9,Run,Run,0.0,2021-07-27T23:35:06Z,2021-07-27T19:35:06Z,(GMT-05:00) America/New_York,-14400.0,,,United States,"[40.69207719527185, -73.9835983235389]","[40.691622477024794, -73.97727602161467]",2.767,4.418,83.6,True,161.3,184.0,23.3,10.3
196,Afternoon Activity,0.0,2617,2617,0.0,Workout,Workout,,2021-07-26T21:03:36Z,2021-07-26T17:03:36Z,(GMT-05:00) America/New_York,-14400.0,,,United States,[],[],0.0,0.0,,True,102.3,131.0,,
197,Lunch Run,3897.6,1637,1688,41.2,Run,Run,0.0,2021-07-25T16:26:57Z,2021-07-25T12:26:57Z,(GMT-05:00) America/New_York,-14400.0,,,United States,"[40.69051103666425, -73.98437524214387]","[40.66175138577819, -73.97738079540431]",2.381,4.126,84.4,True,137.9,150.0,49.9,11.9
198,Lunch Run,2663.5,902,937,29.2,Run,Run,3.0,2021-07-24T15:25:54Z,2021-07-24T11:25:54Z,(GMT-05:00) America/New_York,-14400.0,,,United States,"[40.690574403852224, -73.98464086465538]","[40.69230820052326, -73.97393072023988]",2.953,4.508,83.5,True,159.0,175.0,23.3,10.3
199,Afternoon Run,5155.9,2115,2116,4.5,Run,Run,0.0,2021-07-18T21:23:47Z,2021-07-18T17:23:47Z,(GMT-05:00) America/New_York,-14400.0,,,United States,"[40.78501531854272, -73.96666738204658]","[40.785083966329694, -73.96668029017746]",2.438,3.237,84.0,True,142.4,155.0,37.4,32.8
200,Evening Run,4165.2,1764,1921,29.6,Run,Run,,2021-07-14T23:15:09Z,2021-07-14T19:15:09Z,(GMT-05:00) America/New_York,-14400.0,,,United States,"[40.69124453701079, -73.98386176675558]","[40.694267470389605, -73.98515425622463]",2.361,5.76,83.4,True,142.8,168.0,24.8,3.6
201,Evening Run,3114.3,1109,1137,17.5,Run,Run,,2021-07-13T23:41:07Z,2021-07-13T19:41:07Z,(GMT-05:00) America/New_York,-14400.0,,,United States,"[40.690902303904295, -73.98656627163291]","[40.69086391478777, -73.98470615968108]",2.808,5.556,82.8,True,151.8,170.0,20.8,9.3
202,Afternoon Run,3812.3,1482,1597,41.0,Run,Run,,2021-07-11T19:07:04Z,2021-07-11T15:07:04Z,(GMT-05:00) America/New_York,-14400.0,,,United States,"[40.69079266861081, -73.98405714891851]","[40.662682028487325, -73.97616910748184]",2.572,6.042,83.2,True,145.7,158.0,49.9,11.9
203,Afternoon Run,5504.8,2170,2213,30.5,Run,Run,0.0,2021-07-01T21:22:43Z,2021-07-01T17:22:43Z,(GMT-05:00) America/New_York,-14400.0,,,United States,"[40.709457, -74.001096]","[40.699916, -73.98895]",2.537,5.0,82.2,True,144.2,167.0,44.2,13.5
204,Evening Run,2204.2,789,803,0.0,Run,Run,,2021-06-23T22:57:16Z,2021-06-23T18:57:16Z,(GMT-05:00) America/New_York,-14400.0,,,United States,[],[],2.794,3.3,82.0,True,147.3,167.0,,
205,Evening Run,413.1,122,122,0.0,Run,Run,,2021-06-15T23:30:14Z,2021-06-15T19:30:14Z,(GMT-05:00) America/New_York,-14400.0,,,United States,"[40.703083, -73.982688]","[40.704193, -73.982607]",3.386,4.1,84.4,True,143.5,169.0,11.2,7.2
206,Evening Run,2757.6,1070,1154,16.2,Run,Run,,2021-06-15T23:07:08Z,2021-06-15T19:07:08Z,(GMT-05:00) America/New_York,-14400.0,,,United States,"[40.690912, -73.984338]","[40.703031, -73.981439]",2.577,7.0,83.3,True,139.0,154.0,20.3,2.6
207,Evening Run,5863.5,2439,2630,60.3,Run,Run,,2021-06-11T00:01:44Z,2021-06-10T20:01:44Z,(GMT-05:00) America/New_York,-14400.0,,,United States,"[40.696186, -73.9866]","[40.691664, -73.984254]",2.404,5.9,82.2,True,149.1,172.0,44.5,12.4
208,Afternoon Run,7229.5,2933,3172,68.4,Run,Run,,2021-05-31T18:12:47Z,2021-05-31T14:12:47Z,(GMT-05:00) America/New_York,-14400.0,,,United States,"[40.689116, -73.981115]","[40.673322, -73.968851]",2.465,3.7,83.9,True,136.2,149.0,51.3,11.0
209,Evening Run,2646.4,991,1048,29.1,Run,Run,,2021-05-24T23:05:17Z,2021-05-24T19:05:17Z,(GMT-05:00) America/New_York,-14400.0,,,United States,"[40.690499, -73.984201]","[40.692132, -73.983807]",2.67,6.1,83.3,True,143.2,161.0,23.4,10.1
210,Evening Run,2934.4,1078,1170,16.9,Run,Run,,2021-05-20T23:38:24Z,2021-05-20T19:38:24Z,(GMT-05:00) America/New_York,-14400.0,,,United States,"[40.690498, -73.985686]","[40.692173, -73.984234]",2.722,8.0,83.1,True,142.2,163.0,20.8,8.6
211,Evening Run,2349.9,991,1084,0.0,Run,Run,,2021-05-18T23:16:13Z,2021-05-18T19:16:13Z,(GMT-05:00) America/New_York,-14400.0,,,United States,[],[],2.371,2.9,82.3,True,149.4,169.0,,
212,Morning Run,6348.5,2660,3037,46.7,Run,Run,,2021-01-11T14:21:48Z,2021-01-11T09:21:48Z,(GMT-05:00) America/New_York,-18000.0,,,United States,"[40.712654, -73.999734]","[40.698112, -73.99123]",2.387,6.4,81.5,True,143.5,171.0,44.2,4.1
213,Evening Run,0.0,9,69,0.0,Run,Run,,2020-12-27T00:47:19Z,2020-12-26T19:47:19Z,(GMT-05:00) America/New_York,-18000.0,,,United States,[],[],0.0,0.0,,False,,,,
214,Evening Run,4386.5,1790,1872,0.0,Run,Run,,2020-12-25T01:06:36Z,2020-12-24T20:06:36Z,(GMT-05:00) America/New_York,-18000.0,,,United States,[],[],2.451,3.2,82.8,True,150.5,173.0,,
215,Night Run,2113.4,901,901,0.0,Run,Run,,2020-12-15T03:12:18Z,2020-12-14T22:12:18Z,(GMT-05:00) America/New_York,-18000.0,,,United States,[],[],2.346,3.0,81.5,True,152.4,173.0,,
216,Night Run,2891.9,1200,1200,0.0,Run,Run,,2020-12-14T05:47:04Z,2020-12-14T00:47:04Z,(GMT-05:00) America/New_York,-18000.0,,,United States,[],[],2.41,3.0,81.5,True,152.0,175.0,,
217,Night Run,1883.7,793,849,0.0,Run,Run,,2020-12-14T05:31:47Z,2020-12-14T00:31:47Z,(GMT-05:00) America/New_York,-18000.0,,,United States,[],[],2.375,2.9,81.5,True,140.5,159.0,,
218,Night Run,2417.8,1021,1029,0.0,Run,Run,,2020-12-14T04:54:55Z,2020-12-13T23:54:55Z,(GMT-05:00) America/New_York,-18000.0,,,United States,[],[],2.368,3.0,80.9,True,137.6,150.0,,
219,Afternoon Run,1936.2,871,949,17.3,Run,Run,,2020-12-13T18:39:35Z,2020-12-13T13:39:35Z,(GMT-05:00) America/New_York,-18000.0,,,United States,"[40.702346, -73.992692]","[40.691085, -73.984266]",2.223,4.0,80.8,True,135.5,150.0,20.3,8.2
220,Afternoon Run,6004.6,1964,2112,0.0,Run,Run,,2020-07-07T19:41:05Z,2020-07-07T15:41:05Z,(GMT-05:00) America/New_York,-14400.0,,,United States,"[40.697763, -73.999236]","[40.698539, -74.000779]",3.057,3.4,81.5,True,133.0,147.0,4.8,1.7
221,Afternoon Run,4835.2,1423,1438,44.9,Run,Run,,2020-05-07T21:26:14Z,2020-05-07T17:26:14Z,(GMT-05:00) America/New_York,-14400.0,,,United States,"[40.788207, -73.977568]","[40.782744, -73.971114]",3.398,10.1,86.0,True,163.7,177.0,38.6,19.0
222,Lunch Run,3322.3,954,1018,17.6,Run,Run,,2020-05-05T16:10:54Z,2020-05-05T12:10:54Z,(GMT-05:00) America/New_York,-14400.0,,,United States,"[40.786777, -73.964364]","[40.790233, -73.965851]",3.482,9.1,85.0,True,163.0,182.0,36.8,22.7
223,Afternoon Run,4193.8,1253,1862,15.4,Run,Run,,2020-04-28T21:27:04Z,2020-04-28T17:27:04Z,(GMT-05:00) America/New_York,-14400.0,,,United States,"[40.779175, -73.971731]","[40.790367, -73.967489]",3.347,4.6,84.6,True,158.2,178.0,37.1,23.5
224,Afternoon Run,6129.5,1745,1766,23.0,Run,Run,,2020-04-15T21:03:13Z,2020-04-15T17:03:13Z,(GMT-05:00) America/New_York,-14400.0,,,United States,"[40.791032, -73.966852]","[40.790454, -73.967451]",3.513,7.2,87.0,True,161.4,173.0,37.1,31.0
225,Afternoon Run,6186.1,1800,1805,26.2,Run,Run,,2020-04-14T21:43:59Z,2020-04-14T17:43:59Z,(GMT-05:00) America/New_York,-14400.0,,,United States,"[40.790406, -73.967528]","[40.790233, -73.967425]",3.437,4.9,86.2,True,161.0,174.0,36.7,31.0
226,Afternoon Run,5064.9,1740,1812,3.9,Run,Run,,2020-04-12T19:11:27Z,2020-04-12T15:11:27Z,(GMT-05:00) America/New_York,-14400.0,,,United States,"[40.78903, -73.981189]","[40.778674, -73.989596]",2.911,5.3,84.0,True,144.5,170.0,23.6,2.1
227,Afternoon Run,6564.5,2028,2522,29.8,Run,Run,,2020-04-11T20:04:17Z,2020-04-11T16:04:17Z,(GMT-05:00) America/New_York,-14400.0,,,United States,"[40.789497, -73.965659]","[40.790328, -73.967462]",3.237,5.0,85.6,True,157.2,175.0,36.7,27.7
228,Afternoon Run,4318.3,1252,1301,20.9,Run,Run,,2020-04-09T20:53:40Z,2020-04-09T16:53:40Z,(GMT-05:00) America/New_York,-14400.0,,,United States,"[40.790466, -73.967449]","[40.790543, -73.967294]",3.449,5.1,85.3,True,165.8,182.0,36.9,25.5
229,Afternoon Run,3540.6,990,990,0.0,Run,Run,0.0,2020-04-08T21:30:00Z,2020-04-08T17:30:00Z,(GMT-05:00) America/New_York,-14400.0,,,United States,[],[],3.576,0.0,,False,,,,
230,Afternoon Run,3225.7,983,4871,5.3,Run,Run,,2020-04-07T20:48:50Z,2020-04-07T16:48:50Z,(GMT-05:00) America/New_York,-14400.0,,,United States,"[40.789303, -73.96125]","[40.78851, -73.96189]",3.281,3.6,,True,166.2,181.0,36.9,30.9
231,Afternoon Run,3629.5,1067,1079,13.4,Run,Run,,2020-04-07T17:23:26Z,2020-04-07T13:23:26Z,(GMT-05:00) America/New_York,-14400.0,,,United States,"[40.790462, -73.967514]","[40.790322, -73.967583]",3.402,5.3,84.3,True,163.3,181.0,38.2,32.1
232,Afternoon Run,9911.3,2907,3126,78.4,Run,Run,0.0,2020-03-08T21:29:10Z,2020-03-08T17:29:10Z,(GMT-05:00) America/New_York,-14400.0,,,United States,"[40.791332, -73.967217]","[40.790458, -73.967488]",3.409,6.4,84.4,True,164.2,181.0,37.4,-0.8
233,Afternoon Activity,0.0,2178,2178,0.0,WeightTraining,WeightTraining,,2020-03-06T22:59:41Z,2020-03-06T17:59:41Z,(GMT-05:00) America/New_York,-18000.0,,,United States,[],[],0.0,0.0,,True,122.7,140.0,,
234,Afternoon Run,6403.7,1912,1912,0.0,Run,Run,,2020-03-06T22:24:34Z,2020-03-06T17:24:34Z,(GMT-05:00) America/New_York,-18000.0,,,United States,[],[],3.349,3.6,86.4,True,152.3,167.0,,
235,Afternoon Run,8200.1,2421,2527,71.2,Run,Run,,2020-02-29T22:38:31Z,2020-02-29T17:38:31Z,(GMT-05:00) America/New_York,-18000.0,,,United States,"[40.790277, -73.966913]","[40.790423, -73.967548]",3.387,5.2,85.6,True,160.0,176.0,37.1,15.0
236,Evening Run,8798.4,2701,2701,0.0,Run,Run,,2020-02-26T00:48:44Z,2020-02-25T19:48:44Z,(GMT-05:00) America/New_York,-18000.0,,,United States,[],[],3.257,3.6,85.6,True,157.0,178.0,,
237,Lunch run,0.0,1800,1800,0.0,Run,Run,,2020-02-20T20:21:26Z,2020-02-20T15:21:26Z,(GMT-05:00) America/New_York,-18000.0,,,United States,[],[],0.0,0.0,,False,,,,
238,Afternoon Run,9297.1,2700,2727,0.0,Run,Run,0.0,2020-02-13T19:54:17Z,2020-02-13T14:54:17Z,(GMT-05:00) America/New_York,-18000.0,,,United States,[],[],3.443,3.8,85.8,True,159.1,177.0,,
239,Afternoon Activity,0.0,3621,3621,0.0,WeightTraining,WeightTraining,,2020-02-12T22:54:04Z,2020-02-12T17:54:04Z,(GMT-05:00) America/New_York,-18000.0,,,United States,[],[],0.0,0.0,,True,110.9,144.0,,
240,Afternoon Activity,0.0,3762,3762,0.0,WeightTraining,WeightTraining,,2020-02-10T19:32:30Z,2020-02-10T14:32:30Z,(GMT-05:00) America/New_York,-18000.0,,,United States,[],[],0.0,0.0,,True,113.5,153.0,,
241,Afternoon Activity,0.0,2216,2216,0.0,WeightTraining,WeightTraining,,2020-02-06T19:08:12Z,2020-02-06T14:08:12Z,(GMT-05:00) America/New_York,-18000.0,,,United States,[],[],0.0,0.0,,True,124.4,158.0,,
242,Afternoon Ride,0.0,301,301,0.0,Ride,Ride,,2020-02-06T19:00:08Z,2020-02-06T14:00:08Z,(GMT-05:00) America/New_York,-18000.0,,,United States,[],[],0.0,0.0,,True,131.3,142.0,,
243,Afternoon Ride,0.0,722,722,0.0,Ride,Ride,,2020-02-06T18:46:53Z,2020-02-06T13:46:53Z,(GMT-05:00) America/New_York,-18000.0,,,United States,[],[],0.0,0.0,,True,166.4,176.0,,
244,Afternoon Ride,0.0,601,601,0.0,Ride,Ride,,2020-02-06T18:36:21Z,2020-02-06T13:36:21Z,(GMT-05:00) America/New_York,-18000.0,,,United States,[],[],0.0,0.0,,True,138.3,149.0,,
245,Evening Activity,0.0,262,262,0.0,WeightTraining,WeightTraining,,2020-02-05T23:27:41Z,2020-02-05T18:27:41Z,(GMT-05:00) America/New_York,-18000.0,,,United States,[],[],0.0,0.0,,True,115.9,134.0,,
246,Afternoon Run,6011.2,1800,1814,0.0,Run,Run,,2020-02-05T22:52:12Z,2020-02-05T17:52:12Z,(GMT-05:00) America/New_York,-18000.0,,,United States,[],[],3.34,3.6,85.0,True,158.1,175.0,,
247,Afternoon Activity,0.0,2423,2423,0.0,WeightTraining,WeightTraining,,2020-02-04T20:51:17Z,2020-02-04T15:51:17Z,(GMT-05:00) America/New_York,-18000.0,,,United States,[],[],0.0,0.0,,True,124.9,161.0,,
248,Afternoon Ride,0.0,601,601,0.0,Ride,Ride,,2020-02-04T20:35:39Z,2020-02-04T15:35:39Z,(GMT-05:00) America/New_York,-18000.0,,,United States,[],[],0.0,0.0,,True,169.6,177.0,,
249,Afternoon Ride,0.0,602,602,0.0,Ride,Ride,,2020-02-04T20:24:26Z,2020-02-04T15:24:26Z,(GMT-05:00) America/New_York,-18000.0,,,United States,[],[],0.0,0.0,,True,136.3,156.0,,
250,Afternoon Run,4098.1,1202,1202,0.0,Run,Run,,2020-01-30T21:50:10Z,2020-01-30T16:50:10Z,(GMT-05:00) America/New_York,-18000.0,,,United States,[],[],3.409,3.7,85.4,True,157.7,170.0,,
251,Afternoon Activity,0.0,2102,2102,0.0,WeightTraining,WeightTraining,,2020-01-30T21:14:52Z,2020-01-30T16:14:52Z,(GMT-05:00) America/New_York,-18000.0,,,United States,[],[],0.0,0.0,,True,108.3,144.0,,
252,Evening Run,5840.3,1801,1819,0.0,Run,Run,,2020-01-29T01:50:04Z,2020-01-28T20:50:04Z,(GMT-05:00) America/New_York,-18000.0,,,United States,[],[],3.243,3.5,84.9,True,160.0,176.0,,
253,Evening Activity,0.0,2733,2733,0.0,WeightTraining,WeightTraining,,2020-01-29T01:03:29Z,2020-01-28T20:03:29Z,(GMT-05:00) America/New_York,-18000.0,,,United States,[],[],0.0,0.0,,True,116.7,143.0,,
254,Night Ride,0.0,1200,1200,0.0,Ride,Ride,,2020-01-24T02:06:21Z,2020-01-23T21:06:21Z,(GMT-05:00) America/New_York,-18000.0,,,United States,[],[],0.0,0.0,,True,145.8,157.0,,
255,Evening Activity,0.0,2668,2668,0.0,WeightTraining,WeightTraining,,2020-01-24T01:20:31Z,2020-01-23T20:20:31Z,(GMT-05:00) America/New_York,-18000.0,,,United States,[],[],0.0,0.0,,True,114.6,139.0,,
256,Afternoon Activity,0.0,2685,2685,0.0,WeightTraining,WeightTraining,,2020-01-22T19:49:39Z,2020-01-22T14:49:39Z,(GMT-05:00) America/New_York,-18000.0,,,United States,[],[],0.0,0.0,,True,118.4,149.0,,
257,Afternoon Ride,0.0,602,602,0.0,Ride,Ride,,2020-01-22T19:32:51Z,2020-01-22T14:32:51Z,(GMT-05:00) America/New_York,-18000.0,,,United States,[],[],0.0,0.0,,True,166.7,175.0,,
258,Afternoon Ride,0.0,600,600,0.0,Ride,Ride,,2020-01-22T19:21:49Z,2020-01-22T14:21:49Z,(GMT-05:00) America/New_York,-18000.0,,,United States,[],[],0.0,0.0,,True,126.7,150.0,,
259,Afternoon Activity,0.0,2441,2441,0.0,WeightTraining,WeightTraining,,2020-01-10T18:46:04Z,2020-01-10T13:46:04Z,(GMT-05:00) America/New_York,-18000.0,,,United States,[],[],0.0,0.0,,True,97.8,125.0,,
260,Afternoon Run,7504.7,2400,2415,0.0,Run,Run,,2020-01-09T18:51:57Z,2020-01-09T13:51:57Z,(GMT-05:00) America/New_York,-18000.0,,,United States,[],[],3.127,3.4,83.6,True,154.3,169.0,,
261,Afternoon Activity,0.0,1625,1625,0.0,WeightTraining,WeightTraining,,2020-01-09T18:24:06Z,2020-01-09T13:24:06Z,(GMT-05:00) America/New_York,-18000.0,,,United States,[],[],0.0,0.0,,True,114.3,137.0,,
262,Afternoon Activity,0.0,1132,1132,0.0,Workout,Workout,,2020-01-07T19:13:23Z,2020-01-07T14:13:23Z,(GMT-05:00) America/New_York,-18000.0,,,United States,[],[],0.0,0.0,,True,111.5,135.0,,
263,Afternoon Activity,0.0,756,756,0.0,WeightTraining,WeightTraining,,2020-01-07T18:58:44Z,2020-01-07T13:58:44Z,(GMT-05:00) America/New_York,-18000.0,,,United States,[],[],0.0,0.0,,True,118.5,142.0,,
264,Afternoon Ride,0.0,1207,1207,0.0,Ride,Ride,,2020-01-07T18:31:35Z,2020-01-07T13:31:35Z,(GMT-05:00) America/New_York,-18000.0,,,United States,[],[],0.0,0.0,,True,157.4,165.0,,
265,Afternoon Ride,0.0,607,607,0.0,Ride,Ride,,2020-01-07T18:19:06Z,2020-01-07T13:19:06Z,(GMT-05:00) America/New_York,-18000.0,,,United States,[],[],0.0,0.0,,True,132.1,148.0,,
266,Afternoon Treadmill Run,5556.5,1801,1898,0.0,Run,Run,0.0,2020-01-05T19:13:08Z,2020-01-05T14:13:08Z,(GMT-05:00) America/New_York,-18000.0,,,United States,[],[],3.085,3.3,84.5,True,149.5,164.0,,
267,Afternoon Activity,0.0,3150,3150,0.0,WeightTraining,WeightTraining,,2020-01-05T18:19:01Z,2020-01-05T13:19:01Z,(GMT-05:00) America/New_York,-18000.0,,,United States,[],[],0.0,0.0,,True,107.5,141.0,,
268,Evening Activity,0.0,1468,1468,0.0,Workout,Workout,,2020-01-05T01:38:22Z,2020-01-04T20:38:22Z,(GMT-05:00) America/New_York,-18000.0,,,United States,[],[],0.0,0.0,,True,109.0,131.0,,
269,Lunch Run,1815.8,611,611,0.0,Run,Run,,2020-01-03T16:06:02Z,2020-01-03T11:06:02Z,(GMT-05:00) America/New_York,-18000.0,,,United States,[],[],2.972,3.2,82.3,True,147.5,153.0,,
270,Morning Activity,0.0,2033,2033,0.0,Workout,Workout,,2020-01-03T15:29:30Z,2020-01-03T10:29:30Z,(GMT-05:00) America/New_York,-18000.0,,,United States,[],[],0.0,0.0,,True,150.4,177.0,,
271,Morning Ride,0.0,601,601,0.0,Ride,Ride,,2020-01-03T15:15:54Z,2020-01-03T10:15:54Z,(GMT-05:00) America/New_York,-18000.0,,,United States,[],[],0.0,0.0,,True,131.2,163.0,,
272,Afternoon Activity,0.0,1758,1758,0.0,Workout,Workout,,2020-01-02T21:52:06Z,2020-01-02T16:52:06Z,(GMT-05:00) America/New_York,-18000.0,,,United States,[],[],0.0,0.0,,True,115.3,147.0,,
273,Afternoon Ride,0.0,601,601,0.0,Ride,Ride,,2020-01-02T21:38:16Z,2020-01-02T16:38:16Z,(GMT-05:00) America/New_York,-18000.0,,,United States,[],[],0.0,0.0,,True,132.8,140.0,,
274,Afternoon Ride,0.0,1209,1209,0.0,Ride,Ride,10.0,2020-01-02T21:15:33Z,2020-01-02T16:15:33Z,(GMT-05:00) America/New_York,-18000.0,,,United States,[],[],0.0,0.0,,True,160.5,172.0,,
275,Afternoon Ride,0.0,600,600,0.0,Ride,Ride,,2020-01-02T21:00:48Z,2020-01-02T16:00:48Z,(GMT-05:00) America/New_York,-18000.0,,,United States,[],[],0.0,0.0,,True,128.8,149.0,,
276,Afternoon Treadmill Run,3776.7,1201,1201,0.0,Run,Run,0.0,2020-01-01T19:18:48Z,2020-01-01T14:18:48Z,(GMT-05:00) America/New_York,-18000.0,,,United States,[],[],3.145,3.5,84.0,True,151.4,162.0,,
277,Upper Heavy,0.0,3510,3510,0.0,WeightTraining,WeightTraining,,2020-01-01T18:17:24Z,2020-01-01T13:17:24Z,(GMT-05:00) America/New_York,-18000.0,,,United States,[],[],0.0,0.0,,True,110.8,136.0,,
278,Afternoon Run,1945.8,601,601,0.0,Run,Run,,2020-01-01T18:02:49Z,2020-01-01T13:02:49Z,(GMT-05:00) America/New_York,-18000.0,,,United States,[],[],3.238,3.7,84.3,True,140.5,151.0,,
279,Lunch Treadmill Run,7441.8,2417,2418,0.0,Run,Run,0.0,2019-12-31T17:09:48Z,2019-12-31T12:09:48Z,(GMT-05:00) America/New_York,-18000.0,,,United States,[],[],3.079,3.6,84.4,True,153.2,173.0,,
280,Lunch Activity,0.0,3258,3258,0.0,WeightTraining,WeightTraining,,2019-12-31T16:10:11Z,2019-12-31T11:10:11Z,(GMT-05:00) America/New_York,-18000.0,,,United States,[],[],0.0,0.0,,True,120.7,156.0,,
281,Afternoon Ride,0.0,602,602,0.0,Ride,Ride,10.0,2019-12-31T00:36:14Z,2019-12-30T16:36:14Z,(GMT-08:00) America/Los_Angeles,-28800.0,,,United States,[],[],0.0,0.0,,True,143.8,154.0,,
282,Afternoon Ride,0.0,1201,1201,0.0,Ride,Ride,10.0,2019-12-31T00:15:57Z,2019-12-30T16:15:57Z,(GMT-08:00) America/Los_Angeles,-28800.0,,,United States,[],[],0.0,0.0,,True,159.0,169.0,,
283,Upper Circuit,0.0,1125,1125,0.0,Workout,Workout,,2019-12-30T23:53:04Z,2019-12-30T15:53:04Z,(GMT-08:00) America/Los_Angeles,-28800.0,,,United States,[],[],0.0,0.0,,True,154.9,173.0,,
284,Afternoon Ride,0.0,603,603,0.0,Ride,Ride,10.0,2019-12-30T23:39:04Z,2019-12-30T15:39:04Z,(GMT-08:00) America/Los_Angeles,-28800.0,,,United States,[],[],0.0,0.0,,True,131.5,156.0,,
285,Afternoon Run,8636.3,2693,3061,95.1,Run,Run,3.0,2019-12-27T20:24:01Z,2019-12-27T15:24:01Z,(GMT-05:00) America/New_York,-18000.0,,,United States,"[40.79037, -73.967454]","[40.789551, -73.966169]",3.207,5.0,84.1,True,158.5,181.0,41.8,2.9
286,Afternoon Activity,0.0,610,610,0.0,Elliptical,Elliptical,,2019-12-25T23:23:35Z,2019-12-25T15:23:35Z,(GMT-08:00) America/Los_Angeles,-28800.0,,,United States,[],[],0.0,0.0,61.9,True,147.1,160.0,,
287,Afternoon Activity,0.0,840,840,0.0,Workout,Workout,,2019-12-25T23:07:06Z,2019-12-25T15:07:06Z,(GMT-08:00) America/Los_Angeles,-28800.0,,,United States,[],[],0.0,0.0,,True,152.9,175.0,296.6,296.6
288,Afternoon Activity,0.0,602,602,0.0,Elliptical,Elliptical,,2019-12-25T22:46:11Z,2019-12-25T14:46:11Z,(GMT-08:00) America/Los_Angeles,-28800.0,,,United States,[],[],0.0,0.0,72.5,True,152.7,167.0,,
289,Morning Activity,0.0,3921,3921,0.0,Elliptical,Elliptical,,2019-12-24T17:54:49Z,2019-12-24T09:54:49Z,(GMT-08:00) America/Los_Angeles,-28800.0,,,United States,[],[],0.0,0.0,64.9,True,151.3,178.0,,
290,Afternoon Ride,155.4,201,509,0.0,Ride,Ride,,2019-12-23T21:37:48Z,2019-12-23T16:37:48Z,(GMT-05:00) America/New_York,-18000.0,,,United States,"[42.088444, -76.805155]","[42.08825, -76.806615]",0.773,4.1,,True,135.0,162.0,257.2,256.5
291,Afternoon Ride,110.7,117,1257,0.0,Ride,Ride,,2019-12-23T21:16:33Z,2019-12-23T16:16:33Z,(GMT-05:00) America/New_York,-18000.0,,,United States,"[42.087804, -76.806629]","[42.087763, -76.806554]",0.946,0.5,,True,159.7,172.0,256.7,256.4
292,Afternoon Activity,0.0,3794,3794,0.0,WeightTraining,WeightTraining,,2019-12-23T22:07:58Z,2019-12-23T14:07:58Z,(GMT-08:00) America/Los_Angeles,-28800.0,,,United States,[],[],0.0,0.0,,True,117.7,165.0,,
293,Afternoon Activity,0.0,895,895,0.0,WeightTraining,WeightTraining,,2019-12-23T21:46:47Z,2019-12-23T13:46:47Z,(GMT-08:00) America/Los_Angeles,-28800.0,,,United States,[],[],0.0,0.0,,True,112.1,140.0,,
294,Morning Activity,0.0,1894,1894,0.0,WeightTraining,WeightTraining,,2019-12-20T16:17:09Z,2019-12-20T08:17:09Z,(GMT-08:00) America/Los_Angeles,-28800.0,,,United States,[],[],0.0,0.0,,True,113.7,162.0,,
295,Morning Activity,0.0,1595,1595,0.0,WeightTraining,WeightTraining,,2019-12-18T16:02:11Z,2019-12-18T08:02:11Z,(GMT-08:00) America/Los_Angeles,-28800.0,,,United States,[],[],0.0,0.0,,True,104.5,130.0,,
296,Lunch Treadmill Run,7298.1,2400,2400,0.0,Run,Run,3.0,2019-12-17T17:56:58Z,2019-12-17T09:56:58Z,(GMT-08:00) America/Los_Angeles,-28800.0,,,United States,[],[],3.041,3.4,80.2,True,158.4,177.0,,
297,Lunch Interval Ride,0.0,1316,1316,0.0,Ride,Ride,10.0,2019-12-17T17:33:23Z,2019-12-17T09:33:23Z,(GMT-08:00) America/Los_Angeles,-28800.0,,,United States,[],[],0.0,0.0,,True,163.8,178.0,,
298,Afternoon Run,8052.3,2525,2756,73.4,Run,Run,0.0,2019-11-29T18:55:05Z,2019-11-29T13:55:05Z,(GMT-05:00) America/New_York,-18000.0,,,United States,"[40.790356, -73.967708]","[40.789798, -73.966315]",3.189,4.8,82.6,True,165.6,183.0,37.3,15.1
299,Lunch Run,7378.4,2400,2797,67.4,Run,Run,3.0,2019-11-24T17:21:36Z,2019-11-24T12:21:36Z,(GMT-05:00) America/New_York,-18000.0,,,United States,"[40.790716, -73.96759]","[40.789629, -73.96639]",3.074,5.9,82.8,True,172.6,186.0,37.1,15.0
300,Morning Activity,0.0,1733,1733,0.0,WeightTraining,WeightTraining,,2019-10-29T17:05:43Z,2019-10-29T10:05:43Z,(GMT-08:00) America/Los_Angeles,-25200.0,,,United States,[],[],0.0,0.0,,True,135.1,155.0,,
301,Evening Run,5430.6,1883,1986,30.1,Run,Run,,2019-10-14T22:34:40Z,2019-10-14T18:34:40Z,(GMT-05:00) America/New_York,-14400.0,,,United States,"[40.785232, -73.951412]","[40.785073, -73.951609]",2.884,5.3,82.0,True,165.7,177.0,37.4,24.1
302,Evening Run,4283.8,1398,1436,21.4,Run,Run,,2019-10-09T22:58:18Z,2019-10-09T18:58:18Z,(GMT-05:00) America/New_York,-14400.0,,,United States,"[40.785267, -73.95157]","[40.785243, -73.951551]",3.064,5.4,81.4,True,167.1,179.0,37.2,24.3
303,Evening Run,3845.2,1296,1380,23.7,Run,Run,,2019-10-06T23:12:06Z,2019-10-06T19:12:06Z,(GMT-05:00) America/New_York,-14400.0,,,United States,"[40.785068, -73.951424]","[40.785174, -73.951372]",2.967,4.6,81.8,True,162.4,182.0,37.2,23.9
304,Evening Run,0.0,820,820,0.0,Run,Run,3.0,2019-04-06T02:40:00Z,2019-04-05T19:40:00Z,(GMT-08:00) America/Los_Angeles,-25200.0,,,United States,[],[],0.0,0.0,,False,,,,
305,Evening Run,0.0,878,878,0.0,Run,Run,3.0,2019-04-04T22:30:00Z,2019-04-04T15:30:00Z,(GMT-08:00) America/Los_Angeles,-25200.0,,,United States,[],[],0.0,0.0,,False,,,,
306,Afternoon Run,15024.6,3909,3954,55.7,Run,Run,,2013-11-29T22:22:38Z,2013-11-29T17:22:38Z,(GMT-05:00) America/New_York,-18000.0,,,United States,"[42.16565432958305, -76.84931083582342]","[42.16541360132396, -76.84923741035163]",3.844,4.456,88.5,False,,,292.8,268.5
307,Afternoon Run,2577.2,462,467,15.8,Run,Run,,2013-11-27T21:42:55Z,2013-11-27T16:42:55Z,(GMT-05:00) America/New_York,-18000.0,,,United States,"[42.15732682496309, -76.82836680673063]","[42.16574820689857, -76.84945860877633]",5.578,15.402,0.0,False,,,289.5,273.1
